ACESSÓRIOS MENORES,,,,,,ACESSÓRIOS MÉDIOS,,,,,,ACESSÓRIOS MAIORES,,,,
d%,Acessório,Preço,Livro,Página,,d%,Acessório,Preço,Livro,Página,,d%,Acessório,Preço,Livro,Página
01,Algibeira mordedora,1.000,Heróis de Arton,263,,01,Anel de telecinesia,10.500,Tormenta20,342,,01-02,Elmo do teletransporte,30.000,Tormenta20,344
02,Elixir da mente dividida,1.500,Heróis de Arton,265,,02,Bola de cristal,10.500,Tormenta20,342,,03-04,Gema da telepatia,30.000,Tormenta20,344
03,Papiro das estrelas,1.500,Heróis de Arton,267,,03,Caveira maldita,10.500,Tormenta20,343,,05-06,Gema elemental,30.000,Tormenta20,344
04,Anel do sustento,3.000,Tormenta20,342,,04,Instrumento da alegria,10.500,Deuses de Arton,57,,07-11,Manual da saúde corporal,30.000,Tormenta20,345
05-07,Bainha mágica,3.000,Tormenta20,342,,05,Ampulheta da harmonia temporal,10.500,Heróis de Arton,263,,12-16,Manual do bom exercício,30.000,Tormenta20,345
08-09,Corda da escalada,3.000,Tormenta20,343,,06,Amuleto do amparo,10.500,Heróis de Arton,263,,17-21,Manual dos movimentos precisos,30.000,Tormenta20,345
10,Ferraduras da velocidade,3.000,Tormenta20,344,,07,Caixa dos ecos perdidos,10.500,Heróis de Arton,264,,22-26,Medalhão de Lena,30.000,Tormenta20,345
11-12,Garrafa da fumaça eterna,3.000,Tormenta20,344,,08,Colar da perseverança,10.500,Heróis de Arton,264,,27-31,Tomo da compreensão,30.000,Tormenta20,345
13-15,Gema da luminosidade,3.000,Tormenta20,344,,09,Colar do tirano,10.500,Heróis de Arton,265,,32-36,Tomo da liderança e influência,30.000,Tormenta20,345
16-18,Manto élfico,3.000,Tormenta20,345,,10,Óculos da revelação,10.500,Heróis de Arton,266,,37-41,Tomo dos grandes pensamentos,30.000,Tormenta20,345
19-21,Mochila de carga,3.000,Tormenta20,345,,11,Colar das bolas de fogo,12.000,Heróis de Arton,265,,42-44,Anel da chama dançante,30.000,Heróis de Arton,263
22-23,Amuleto da visão etérea,3.000,Heróis de Arton,263,,12,Sandálias de Valkaria,12.000,Heróis de Arton,267,,45-46,Chapéu pensador,30.000,Heróis de Arton,264
24-25,Cinturão do trobo,3.000,Heróis de Arton,264,,13,Véu diáfano,13.500,Deuses de Arton,57,,47-48,Cinto da flecha veloz,30.000,Heróis de Arton,264
26-27,Elixir da eternidade,3.000,Heróis de Arton,265,,14,Botas aladas,15.000,Tormenta20,342,,49-50,Gema da profanação,30.000,Heróis de Arton,266
28-29,Pérola da nulificação,3.000,Heróis de Arton,267,,15,Botas inquietas,15.000,Deuses de Arton,59,,51-53,Tomo da técnica definitiva,30.000,Heróis de Arton,267
30-31,Saco dos ventos silenciosos,3.000,Heróis de Arton,267,,16,Pira póstera,15.000,Deuses de Arton,59,,54-55,Tapeçaria da guerra,35.000,Deuses de Arton,55
32-36,Brincos da sagacidade,4.500,Tormenta20,342,,17,Anel do pacto oneroso,15.000,Heróis de Arton,263,,56-57,Braceletes da amizade intensa,36.000,Heróis de Arton,264
37-41,Luvas da delicadeza,4.500,Tormenta20,344,,18,Botas do andarilho das sombras,15.000,Heróis de Arton,263,,58,Cilício vivo,37.000,Deuses de Arton,55
42-46,Manoplas da força do ogro,4.500,Tormenta20,344,,19,Cálice das marés,15.000,Heróis de Arton,264,,59,Coração corrompido,45.000,Deuses de Arton,55
47-50,Manto da resistência,4.500,Tormenta20,344,,20,Cinto dos caminhos cruzados,15.000,Heróis de Arton,264,,60-61,Coração do inverno,45.000,Heróis de Arton,265
51-55,Manto do fascínio,4.500,Tormenta20,344,,21,Pedra da passagem,15.000,Heróis de Arton,267,,62-63,Tomo dos companheiros,45.000,Heróis de Arton,267
56-60,Pingente da sensatez,4.500,Tormenta20,345,,22,Pingente da dor partilhada,15.000,Heróis de Arton,267,,64-65,Anel refletor,51.000,Tormenta20,342
61-65,Torque do vigor,4.500,Tormenta20,345,,23-26,Braceletes de bronze,16.500,Tormenta20,342,,66-67,Cinto do campeão,51.000,Tormenta20,343
66,Monóculo da franqueza,4.500,Heróis de Arton,266,,27,Capa nebulosa,16.500,Heróis de Arton,264,,68-71,Colar guardião,51.000,Tormenta20,343
67-68,Chapéu do disfarce,6.000,Tormenta20,343,,28,Espelho do outro lado,18.000,Heróis de Arton,265,,72-73,Estatueta animista,51.000,Tormenta20,344
69,Flauta fantasma,6.000,Tormenta20,344,,29-30,Gema da purificação,18.000,Heróis de Arton,266,,74-75,Anel da liberdade,60.000,Tormenta20,342
70-71,Lanterna da revelação,6.000,Tormenta20,344,,31-32,Máscara da raposa,18.000,Heróis de Arton,266,,76-77,Tapete voador,60.000,Tormenta20,345
72-73,Algibeira provedora,6.000,Heróis de Arton,263,,33-36,Anel da energia,21.000,Tormenta20,342,,78-79,Chave dos planos,60.000,Heróis de Arton,264
74-75,Gaiola dos arcanos,6.000,Heróis de Arton,266,,37-40,Anel da vitalidade,21.000,Tormenta20,342,,80-81,Cinto da desmaterialização,60.000,Heróis de Arton,264
76-77,Lâmpada da ilusão impecável,6.000,Heróis de Arton,266,,41-42,Anel de invisibilidade,21.000,Tormenta20,342,,82-85,Braceletes de ouro,64.500,Tormenta20,342
78-79,Pena da criação,6.000,Heróis de Arton,267,,43-44,Braçadeiras do arqueiro,21.000,Tormenta20,342,,86-87,Espelho da oposição,75.000,Tormenta20,344
80-81,Corda da resignação,7.500,Heróis de Arton,265,,45-46,Brincos de Marah,21.000,Tormenta20,343,,88-91,Robe do arquimago,90.000,Tormenta20,345
82-86,Anel da proteção,9.000,Tormenta20,342,,47-48,Faixas do pugilista,21.000,Tormenta20,344,,92-93,Ossos dracônicos,90.000,Deuses de Arton,56
87,Anel do escudo mental,9.000,Tormenta20,342,,49-50,Manto da aranha,21.000,Tormenta20,344,,94-95,Orbe das tempestades,97.500,Tormenta20,345
88,Pingente da saúde,9.000,Tormenta20,345,,51-52,Vassoura voadora,21.000,Tormenta20,345,,96-97,Braçadeiras da força do colosso,120.000,Heróis de Arton,264
89,Coroa de flores,9.000,Deuses de Arton,55,,53-54,Símbolo abençoado,21.000,Tormenta20,345,,98-99,Anel da regeneração,150.000,Tormenta20,342
90,Jarro das profundezas,9.000,Deuses de Arton,58,,55,Colar de presas,21.000,Deuses de Arton,57,,100,Espelho do aprisionamento,150.000,Tormenta20,344
91,Escrivaninha consagrada,9.000,Deuses de Arton,58,,56,Vestido noturno,21.000,Deuses de Arton,58,,,,,,
92,Anel da proteção mental,9.000,Heróis de Arton,263,,57,Anel da beleza ilusória,21.000,Heróis de Arton,263,,,,,,
93,Berço das fadas,9.000,Heróis de Arton,263,,58,Bastão do sonhador,21.000,Heróis de Arton,263,,,,,,
94,Chapéu dos truques infinitos,9.000,Heróis de Arton,264,,59,Colar da fúria monstruosa,21.000,Heróis de Arton,264,,,,,,
95,Cinto da leveza graciosa,9.000,Heróis de Arton,264,,60,Coroa da floresta sussurrante,21.000,Heróis de Arton,265,,,,,,
96,Cristal da voz silenciosa,9.000,Heróis de Arton,265,,61,Espelho da verdade,21.000,Heróis de Arton,265,,,,,,
97,Cristal do tempo célere,9.000,Heróis de Arton,265,,62,Instrumentos da celeridade,22.500,Heróis de Arton,266,,,,,,
98,Ocarina da melodia distante,9.000,Heróis de Arton,266,,63,Máscara do predador,22.500,Heróis de Arton,266,,,,,,
99,Olhos do corvo,9.000,Heróis de Arton,266,,64-65,Frigideira do chef anão,24.000,Heróis de Arton,266,,,,,,
100,Pergaminho da verdade cósmica,9.000,Heróis de Arton,267,,66,Gema da santificação,24.000,Heróis de Arton,266,,,,,,
,,,,,,67,Cubo armadilha,25.000,Deuses de Arton,56,,,,,,
,,,,,,68,Caldeirão da vida,25.000,Deuses de Arton,57,,,,,,
,,,,,,69-72,Amuleto da robustez,25.500,Tormenta20,342,,,,,,
,,,,,,73-74,Botas velozes,25.500,Tormenta20,342,,,,,,
,,,,,,75-78,Cinto da força do gigante,25.500,Tormenta20,343,,,,,,
,,,,,,79-82,Coroa majestosa,25.500,Tormenta20,344,,,,,,
,,,,,,83-86,Estola da serenidade,25.500,Tormenta20,344,,,,,,
,,,,,,87,Manto do morcego,25.500,Tormenta20,344,,,,,,
,,,,,,88-91,Pulseiras da celeridade,25.500,Tormenta20,345,,,,,,
,,,,,,92-95,Tiara da sapiência,25.500,Tormenta20,345,,,,,,
,,,,,,96-97,Argolas místicas,25.500,Deuses de Arton,59,,,,,,
,,,,,,98,Bastão da grande harmonia,25.500,Heróis de Arton,263,,,,,,
,,,,,,99,Coroa da majestade distorcida,25.500,Heróis de Arton,265,,,,,,
,,,,,,100,Bracelete do coração vivaz,27.000,Heróis de Arton,264,,,,,,
